Designator,Footprint,Quantity,Value,LCSC Part #
BT1,BATHLD001,1,CR2032,
C1,C_0603_1608Metric_Pad1.08x0.95mm_HandSolder,1,100n,
"D10, D11, D12, D14, D15, D16, D9",LED_0603_1608Metric_Pad1.05x0.95mm_HandSolder,7,LED,
IC1,QFN-20-1EP_4x4mm_P0.5mm_EP2.7x2.7mm,1,PIC16F18044-I_ML,
J2,main_conn_5x2,1,Main Side,
"NT1, NT2",NetTie-2_SMD_Pad0.5mm,2,NetTie_2,
"R10, R11, R12, R13, R15, R16, R17",R_0603_1608Metric_Pad0.98x0.95mm_HandSolder,7,R_Small,
R9,R_0603_1608Metric_Pad0.98x0.95mm_HandSolder,1,47k,
SW1,SW_SPST_EVQP0,1,SW_Push,
TP1,TestPoint_Pad_D1.5mm,1,TestPoint,
"TP2, TP3, TP4, TP5",TestPoint_Pad_1.5x1.5mm,4,TestPoint,
